,query,context,true_answer,generated_answer,retrieved_chunks,extracted_answer
0,Which team scored the longest field goal kick of the game?,"Hoping to rebound from the road loss to the Chargers, the Rams went home for Week 9, as they fought the Kansas City Chiefs in a ""Show Me State Showdown"". The Chiefs struck first as RB Larry Johnson got a 1-yard TD run for the only score of the period.  In the second quarter, things got worse for the Rams as QB Damon Huard completed a 3-yard TD pass to TE Tony Gonzalez, while kicker Lawrence Tynes nailed a 42-yard field goal.  St. Louis got on the board with RB Steven Jackson getting a 2-yard TD run, yet Huard and Gonzalez hooked up with each other again on a 25-yard TD strike.  Rams kicker Jeff Wilkins made a 41-yard field goal to end the half.  In the third quarter, QB Marc Bulger completed a 2-yard TD pass to WR Kevin Curtis for the only score of the period, yet the only score of the fourth quarter came from Huard completing an 11-yard TD pass to TE Kris Wilson. With the loss, the Rams fell to 4-4.","['Rams', 'second', 'Marc Bulger', 'Kevin Curtis']"," You are a helpful AI assistant. Use the following pieces of context to answer the question. 
  If you don't know the answer, just say that you don't know. Do not try to make up an answer.

  Context: board with RB Steven Jackson getting a 2-yard TD run, yet Huard and Gonzalez hooked up with each other again on a 25-yard TD strike.  Rams kicker Jeff Wilkins made a 41-yard field goal to end the half.  In the third quarter, QB Marc Bulger completed a 2-yard TD pass to WR Kevin Curtis for the only score of the period, yet the only score of the fourth quarter came from Huard completing an 11-yard TD pass to TE Kris Wilson. With the loss, the Rams fell to 4-4.
board with RB Steven Jackson getting a 2-yard TD run, yet Huard and Gonzalez hooked up with each other again on a 25-yard TD strike.  Rams kicker Jeff Wilkins made a 41-yard field goal to end the half.  In the third quarter, QB Marc Bulger completed a 2-yard TD pass to WR Kevin Curtis for the only score of the period, yet the only score of the fourth quarter came from Huard completing an 11-yard TD pass to TE Kris Wilson. With the loss, the Rams fell to 4-4.
Hoping to rebound from the road loss to the Chargers, the Rams went home for Week 9, as they fought the Kansas City Chiefs in a ""Show Me State Showdown"". The Chiefs struck first as RB Larry Johnson got a 1-yard TD run for the only score of the period.  In the second quarter, things got worse for the Rams as QB Damon Huard completed a 3-yard TD pass to TE Tony Gonzalez, while kicker Lawrence Tynes nailed a 42-yard field goal.  St. Louis got on the board with RB Steven Jackson getting a 2-yard TD

  Question: Which team scored the longest field goal kick of the game?

  Provide a clear and concise answer based only on the given context. Do not include any information that is not supported by the context.

  Answer: The Rams kicker, Jeff Wilkins, made a 41-yard field goal to end the half.","[Document(metadata={'id': 'c63a73e5-2c91-489b-bd24-af150ddfa82c', 'question': 'How many yards was the second longest field goal of the first half?', 'answer': '42'}, page_content='board with RB Steven Jackson getting a 2-yard TD run, yet Huard and Gonzalez hooked up with each other again on a 25-yard TD strike.  Rams kicker Jeff Wilkins made a 41-yard field goal to end the half.  In the third quarter, QB Marc Bulger completed a 2-yard TD pass to WR Kevin Curtis for the only score of the period, yet the only score of the fourth quarter came from Huard completing an 11-yard TD pass to TE Kris Wilson. With the loss, the Rams fell to 4-4.'), Document(metadata={'id': 'd3fb4c3c-d21b-480a-baa0-98d6d0d17c1d', 'question': 'Which team scored the longest field goal kick of the game?', 'answer': ""['Rams', 'second', 'Marc Bulger', 'Kevin Curtis']""}, page_content='board with RB Steven Jackson getting a 2-yard TD run, yet Huard and Gonzalez hooked up with each other again on a 25-yard TD strike.  Rams kicker Jeff Wilkins made a 41-yard field goal to end the half.  In the third quarter, QB Marc Bulger completed a 2-yard TD pass to WR Kevin Curtis for the only score of the period, yet the only score of the fourth quarter came from Huard completing an 11-yard TD pass to TE Kris Wilson. With the loss, the Rams fell to 4-4.'), Document(metadata={'id': 'c63a73e5-2c91-489b-bd24-af150ddfa82c', 'question': 'How many yards was the second longest field goal of the first half?', 'answer': '42'}, page_content='Hoping to rebound from the road loss to the Chargers, the Rams went home for Week 9, as they fought the Kansas City Chiefs in a ""Show Me State Showdown"". The Chiefs struck first as RB Larry Johnson got a 1-yard TD run for the only score of the period.  In the second quarter, things got worse for the Rams as QB Damon Huard completed a 3-yard TD pass to TE Tony Gonzalez, while kicker Lawrence Tynes nailed a 42-yard field goal.  St. Louis got on the board with RB Steven Jackson getting a 2-yard TD')]","The Rams kicker, Jeff Wilkins, made a 41-yard field goal to end the half."
1,How many percent were not  Irish?,"As of the census of 2000, there were 218,590 people, 79,667 households, and 60,387 families residing in the county.  The population density was 496 people per square mile (192/km²). There were 83,146 housing units at an average density of 189 per square mile (73/km²). The racial makeup of the county was 86.77% Race (United States Census), 9.27% Race (United States Census), 0.23% Race (United States Census), 1.52% Race (United States Census), 0.06% Race (United States Census), 0.69% from Race (United States Census), and 1.47% from two or more races.  1.91% of the population were Race (United States Census) or Race (United States Census) of any race. 22.5% were of German people, 13.1% Irish people, 9.8% Italian people, 9.2% English, 8.1% ""American"" and 6.0% Polish ancestry.",87.1," You are a helpful AI assistant. Use the following pieces of context to answer the question. 
  If you don't know the answer, just say that you don't know. Do not try to make up an answer.

  Context: and from humble letter-writing campaigns asking for mercy to radical newspapers demanding reform. The most common tactics were dodging and desertion, and many communities sheltered and defended their draft dodgers as political heroes. Many socialists were jailed for ""obstructing the recruitment or enlistment service"". The most famous was Eugene Debs, head of the Socialist Party of America, who ran for president in 1920 from his prison cell. In 1917 a number of radicals and anarchists challenged
so age ranges were increased and exemptions reduced, and so by the end of 1918 this increased to 24 million men that were registered with nearly 3 million inducted into the military services. The draft was universal and included blacks on the same terms as whites, although they served in different units. In all 367,710 black Americans were drafted , compared to 2,442,586 white . Forms of resistance ranged from peaceful protest to violent demonstrations and from humble letter-writing campaigns
Race (United States Census), 0.69% from Race (United States Census), and 1.47% from two or more races.  1.91% of the population were Race (United States Census) or Race (United States Census) of any race. 22.5% were of German people, 13.1% Irish people, 9.8% Italian people, 9.2% English, 8.1% ""American"" and 6.0% Polish ancestry.

  Question: How many percent were not  Irish?

  Provide a clear and concise answer based only on the given context. Do not include any information that is not supported by the context.

  Answer: According to the context, 88.9% of the population were not Irish.","[Document(metadata={'id': '57d6f476-5163-4069-baab-b53504a3e662', 'question': 'How many more men were registered in 1918 than 1917?', 'answer': '15000000'}, page_content='and from humble letter-writing campaigns asking for mercy to radical newspapers demanding reform. The most common tactics were dodging and desertion, and many communities sheltered and defended their draft dodgers as political heroes. Many socialists were jailed for ""obstructing the recruitment or enlistment service"". The most famous was Eugene Debs, head of the Socialist Party of America, who ran for president in 1920 from his prison cell. In 1917 a number of radicals and anarchists challenged'), Document(metadata={'id': '57d6f476-5163-4069-baab-b53504a3e662', 'question': 'How many more men were registered in 1918 than 1917?', 'answer': '15000000'}, page_content='so age ranges were increased and exemptions reduced, and so by the end of 1918 this increased to 24 million men that were registered with nearly 3 million inducted into the military services. The draft was universal and included blacks on the same terms as whites, although they served in different units. In all 367,710 black Americans were drafted , compared to 2,442,586 white . Forms of resistance ranged from peaceful protest to violent demonstrations and from humble letter-writing campaigns'), Document(metadata={'id': '31b36417-aad1-412c-b0e5-9c1faaed233f', 'question': ""How many in percent from the census weren't Irish?"", 'answer': '87.1'}, page_content='Race (United States Census), 0.69% from Race (United States Census), and 1.47% from two or more races.  1.91% of the population were Race (United States Census) or Race (United States Census) of any race. 22.5% were of German people, 13.1% Irish people, 9.8% Italian people, 9.2% English, 8.1% ""American"" and 6.0% Polish ancestry.')]","According to the context, 88.9% of the population were not Irish."
2,How many yards was the second longest field goal of the first half?,"Hoping to rebound from the road loss to the Chargers, the Rams went home for Week 9, as they fought the Kansas City Chiefs in a ""Show Me State Showdown"". The Chiefs struck first as RB Larry Johnson got a 1-yard TD run for the only score of the period.  In the second quarter, things got worse for the Rams as QB Damon Huard completed a 3-yard TD pass to TE Tony Gonzalez, while kicker Lawrence Tynes nailed a 42-yard field goal.  St. Louis got on the board with RB Steven Jackson getting a 2-yard TD run, yet Huard and Gonzalez hooked up with each other again on a 25-yard TD strike.  Rams kicker Jeff Wilkins made a 41-yard field goal to end the half.  In the third quarter, QB Marc Bulger completed a 2-yard TD pass to WR Kevin Curtis for the only score of the period, yet the only score of the fourth quarter came from Huard completing an 11-yard TD pass to TE Kris Wilson. With the loss, the Rams fell to 4-4.",42," You are a helpful AI assistant. Use the following pieces of context to answer the question. 
  If you don't know the answer, just say that you don't know. Do not try to make up an answer.

  Context: Hoping to rebound from the road loss to the Chargers, the Rams went home for Week 9, as they fought the Kansas City Chiefs in a ""Show Me State Showdown"". The Chiefs struck first as RB Larry Johnson got a 1-yard TD run for the only score of the period.  In the second quarter, things got worse for the Rams as QB Damon Huard completed a 3-yard TD pass to TE Tony Gonzalez, while kicker Lawrence Tynes nailed a 42-yard field goal.  St. Louis got on the board with RB Steven Jackson getting a 2-yard TD
Hoping to rebound from the road loss to the Chargers, the Rams went home for Week 9, as they fought the Kansas City Chiefs in a ""Show Me State Showdown"". The Chiefs struck first as RB Larry Johnson got a 1-yard TD run for the only score of the period.  In the second quarter, things got worse for the Rams as QB Damon Huard completed a 3-yard TD pass to TE Tony Gonzalez, while kicker Lawrence Tynes nailed a 42-yard field goal.  St. Louis got on the board with RB Steven Jackson getting a 2-yard TD
and from humble letter-writing campaigns asking for mercy to radical newspapers demanding reform. The most common tactics were dodging and desertion, and many communities sheltered and defended their draft dodgers as political heroes. Many socialists were jailed for ""obstructing the recruitment or enlistment service"". The most famous was Eugene Debs, head of the Socialist Party of America, who ran for president in 1920 from his prison cell. In 1917 a number of radicals and anarchists challenged

  Question: How many yards was the second longest field goal of the first half?

  Provide a clear and concise answer based only on the given context. Do not include any information that is not supported by the context.

  Answer: I don't know.","[Document(metadata={'id': 'c63a73e5-2c91-489b-bd24-af150ddfa82c', 'question': 'How many yards was the second longest field goal of the first half?', 'answer': '42'}, page_content='Hoping to rebound from the road loss to the Chargers, the Rams went home for Week 9, as they fought the Kansas City Chiefs in a ""Show Me State Showdown"". The Chiefs struck first as RB Larry Johnson got a 1-yard TD run for the only score of the period.  In the second quarter, things got worse for the Rams as QB Damon Huard completed a 3-yard TD pass to TE Tony Gonzalez, while kicker Lawrence Tynes nailed a 42-yard field goal.  St. Louis got on the board with RB Steven Jackson getting a 2-yard TD'), Document(metadata={'id': 'd3fb4c3c-d21b-480a-baa0-98d6d0d17c1d', 'question': 'Which team scored the longest field goal kick of the game?', 'answer': ""['Rams', 'second', 'Marc Bulger', 'Kevin Curtis']""}, page_content='Hoping to rebound from the road loss to the Chargers, the Rams went home for Week 9, as they fought the Kansas City Chiefs in a ""Show Me State Showdown"". The Chiefs struck first as RB Larry Johnson got a 1-yard TD run for the only score of the period.  In the second quarter, things got worse for the Rams as QB Damon Huard completed a 3-yard TD pass to TE Tony Gonzalez, while kicker Lawrence Tynes nailed a 42-yard field goal.  St. Louis got on the board with RB Steven Jackson getting a 2-yard TD'), Document(metadata={'id': '57d6f476-5163-4069-baab-b53504a3e662', 'question': 'How many more men were registered in 1918 than 1917?', 'answer': '15000000'}, page_content='and from humble letter-writing campaigns asking for mercy to radical newspapers demanding reform. The most common tactics were dodging and desertion, and many communities sheltered and defended their draft dodgers as political heroes. Many socialists were jailed for ""obstructing the recruitment or enlistment service"". The most famous was Eugene Debs, head of the Socialist Party of America, who ran for president in 1920 from his prison cell. In 1917 a number of radicals and anarchists challenged')]",I don't know.
3,How long was the last touchdown?,"Hoping to rebound from their tough overtime road loss to the Raiders, the Jets went home for a Week 8 duel with the Kansas City Chiefs.  In the first quarter, New York took flight as QB Brett Favre completed an 18-yard TD pass to RB Leon Washington.  In the second quarter, the Chiefs tied the game as QB Tyler Thigpen completed a 19-yard TD pass to TE Tony Gonzalez.  The Jets would answer with Washington getting a 60-yard TD run.  Kansas City closed out the half as Thigpen completed an 11-yard TD pass to WR Mark Bradley. In the third quarter, the Chiefs took the lead as kicker Connor Barth nailed a 30-yard field goal, yet New York replied with RB Thomas Jones getting a 1-yard TD run.  In the fourth quarter, Kansas City got the lead again as CB Brandon Flowers returned an interception 91 yards for a touchdown.  Fortunately, the Jets pulled out the win with Favre completing the game-winning 15-yard TD pass to WR Laveranues Coles. During halftime, the Jets celebrated the 40th anniversary of their Super Bowl III championship team.",18-yard," You are a helpful AI assistant. Use the following pieces of context to answer the question. 
  If you don't know the answer, just say that you don't know. Do not try to make up an answer.

  Context: a number of radicals and anarchists challenged the new draft law in federal court, arguing that it was a direct violation of the Thirteenth Amendment's prohibition against slavery and involuntary servitude. The Supreme Court unanimously upheld the constitutionality of the draft act in the Selective Draft Law Cases on January 7, 1918.
In the United States, conscription began in 1917 and was generally well received, with a few pockets of opposition in isolated rural areas. The administration decided to rely primarily on conscription, rather than voluntary enlistment, to raise military manpower for when only 73,000 volunteers enlisted out of the initial 1 million target in the first six weeks of the war. In 1917 10 million men were registered. This was deemed to be inadequate, so age ranges were increased and exemptions
As of the census of 2000, there were 218,590 people, 79,667 households, and 60,387 families residing in the county.  The population density was 496 people per square mile (192/km²). There were 83,146 housing units at an average density of 189 per square mile (73/km²). The racial makeup of the county was 86.77% Race (United States Census), 9.27% Race (United States Census), 0.23% Race (United States Census), 1.52% Race (United States Census), 0.06% Race (United States Census), 0.69% from Race

  Question: How long was the last touchdown?

  Provide a clear and concise answer based only on the given context. Do not include any information that is not supported by the context.

  Answer: I don't know the answer to that question as it is not mentioned in the provided context.","[Document(metadata={'id': '57d6f476-5163-4069-baab-b53504a3e662', 'question': 'How many more men were registered in 1918 than 1917?', 'answer': '15000000'}, page_content=""a number of radicals and anarchists challenged the new draft law in federal court, arguing that it was a direct violation of the Thirteenth Amendment's prohibition against slavery and involuntary servitude. The Supreme Court unanimously upheld the constitutionality of the draft act in the Selective Draft Law Cases on January 7, 1918.""), Document(metadata={'id': '57d6f476-5163-4069-baab-b53504a3e662', 'question': 'How many more men were registered in 1918 than 1917?', 'answer': '15000000'}, page_content='In the United States, conscription began in 1917 and was generally well received, with a few pockets of opposition in isolated rural areas. The administration decided to rely primarily on conscription, rather than voluntary enlistment, to raise military manpower for when only 73,000 volunteers enlisted out of the initial 1 million target in the first six weeks of the war. In 1917 10 million men were registered. This was deemed to be inadequate, so age ranges were increased and exemptions'), Document(metadata={'id': '31b36417-aad1-412c-b0e5-9c1faaed233f', 'question': ""How many in percent from the census weren't Irish?"", 'answer': '87.1'}, page_content='As of the census of 2000, there were 218,590 people, 79,667 households, and 60,387 families residing in the county.  The population density was 496 people per square mile (192/km²). There were 83,146 housing units at an average density of 189 per square mile (73/km²). The racial makeup of the county was 86.77% Race (United States Census), 9.27% Race (United States Census), 0.23% Race (United States Census), 1.52% Race (United States Census), 0.06% Race (United States Census), 0.69% from Race')]",I don't know the answer to that question as it is not mentioned in the provided context.
4,How many in percent from the census weren't Irish?,"As of the census of 2000, there were 218,590 people, 79,667 households, and 60,387 families residing in the county.  The population density was 496 people per square mile (192/km²). There were 83,146 housing units at an average density of 189 per square mile (73/km²). The racial makeup of the county was 86.77% Race (United States Census), 9.27% Race (United States Census), 0.23% Race (United States Census), 1.52% Race (United States Census), 0.06% Race (United States Census), 0.69% from Race (United States Census), and 1.47% from two or more races.  1.91% of the population were Race (United States Census) or Race (United States Census) of any race. 22.5% were of German people, 13.1% Irish people, 9.8% Italian people, 9.2% English, 8.1% ""American"" and 6.0% Polish ancestry.",87.1," You are a helpful AI assistant. Use the following pieces of context to answer the question. 
  If you don't know the answer, just say that you don't know. Do not try to make up an answer.

  Context: and from humble letter-writing campaigns asking for mercy to radical newspapers demanding reform. The most common tactics were dodging and desertion, and many communities sheltered and defended their draft dodgers as political heroes. Many socialists were jailed for ""obstructing the recruitment or enlistment service"". The most famous was Eugene Debs, head of the Socialist Party of America, who ran for president in 1920 from his prison cell. In 1917 a number of radicals and anarchists challenged
As of the census of 2000, there were 218,590 people, 79,667 households, and 60,387 families residing in the county.  The population density was 496 people per square mile (192/km²). There were 83,146 housing units at an average density of 189 per square mile (73/km²). The racial makeup of the county was 86.77% Race (United States Census), 9.27% Race (United States Census), 0.23% Race (United States Census), 1.52% Race (United States Census), 0.06% Race (United States Census), 0.69% from Race
As of the census of 2000, there were 218,590 people, 79,667 households, and 60,387 families residing in the county.  The population density was 496 people per square mile (192/km²). There were 83,146 housing units at an average density of 189 per square mile (73/km²). The racial makeup of the county was 86.77% Race (United States Census), 9.27% Race (United States Census), 0.23% Race (United States Census), 1.52% Race (United States Census), 0.06% Race (United States Census), 0.69% from Race

  Question: How many in percent from the census weren't Irish?

  Provide a clear and concise answer based only on the given context. Do not include any information that is not supported by the context.

  Answer: According to the census of 2000, 92.73% of the population of the county were of Irish ancestry. Therefore, 7.27% of the population were not of Irish ancestry.","[Document(metadata={'id': '57d6f476-5163-4069-baab-b53504a3e662', 'question': 'How many more men were registered in 1918 than 1917?', 'answer': '15000000'}, page_content='and from humble letter-writing campaigns asking for mercy to radical newspapers demanding reform. The most common tactics were dodging and desertion, and many communities sheltered and defended their draft dodgers as political heroes. Many socialists were jailed for ""obstructing the recruitment or enlistment service"". The most famous was Eugene Debs, head of the Socialist Party of America, who ran for president in 1920 from his prison cell. In 1917 a number of radicals and anarchists challenged'), Document(metadata={'id': '31b36417-aad1-412c-b0e5-9c1faaed233f', 'question': ""How many in percent from the census weren't Irish?"", 'answer': '87.1'}, page_content='As of the census of 2000, there were 218,590 people, 79,667 households, and 60,387 families residing in the county.  The population density was 496 people per square mile (192/km²). There were 83,146 housing units at an average density of 189 per square mile (73/km²). The racial makeup of the county was 86.77% Race (United States Census), 9.27% Race (United States Census), 0.23% Race (United States Census), 1.52% Race (United States Census), 0.06% Race (United States Census), 0.69% from Race'), Document(metadata={'id': '8603663e-c53b-46db-a482-a867f12ff3b4', 'question': 'How many percent were not  Irish?', 'answer': '87.1'}, page_content='As of the census of 2000, there were 218,590 people, 79,667 households, and 60,387 families residing in the county.  The population density was 496 people per square mile (192/km²). There were 83,146 housing units at an average density of 189 per square mile (73/km²). The racial makeup of the county was 86.77% Race (United States Census), 9.27% Race (United States Census), 0.23% Race (United States Census), 1.52% Race (United States Census), 0.06% Race (United States Census), 0.69% from Race')]","According to the census of 2000, 92.73% of the population of the county were of Irish ancestry. Therefore, 7.27% of the population were not of Irish ancestry."
5,How many more men were registered in 1918 than 1917?,"In the United States, conscription began in 1917 and was generally well received, with a few pockets of opposition in isolated rural areas. The administration decided to rely primarily on conscription, rather than voluntary enlistment, to raise military manpower for when only 73,000 volunteers enlisted out of the initial 1 million target in the first six weeks of the war. In 1917 10 million men were registered. This was deemed to be inadequate, so age ranges were increased and exemptions reduced, and so by the end of 1918 this increased to 24 million men that were registered with nearly 3 million inducted into the military services. The draft was universal and included blacks on the same terms as whites, although they served in different units. In all 367,710 black Americans were drafted , compared to 2,442,586 white . Forms of resistance ranged from peaceful protest to violent demonstrations and from humble letter-writing campaigns asking for mercy to radical newspapers demanding reform. The most common tactics were dodging and desertion, and many communities sheltered and defended their draft dodgers as political heroes. Many socialists were jailed for ""obstructing the recruitment or enlistment service"". The most famous was Eugene Debs, head of the Socialist Party of America, who ran for president in 1920 from his prison cell. In 1917 a number of radicals and anarchists challenged the new draft law in federal court, arguing that it was a direct violation of the Thirteenth Amendment's prohibition against slavery and involuntary servitude. The Supreme Court unanimously upheld the constitutionality of the draft act in the Selective Draft Law Cases on January 7, 1918.",15000000," You are a helpful AI assistant. Use the following pieces of context to answer the question. 
  If you don't know the answer, just say that you don't know. Do not try to make up an answer.

  Context: so age ranges were increased and exemptions reduced, and so by the end of 1918 this increased to 24 million men that were registered with nearly 3 million inducted into the military services. The draft was universal and included blacks on the same terms as whites, although they served in different units. In all 367,710 black Americans were drafted , compared to 2,442,586 white . Forms of resistance ranged from peaceful protest to violent demonstrations and from humble letter-writing campaigns
In the United States, conscription began in 1917 and was generally well received, with a few pockets of opposition in isolated rural areas. The administration decided to rely primarily on conscription, rather than voluntary enlistment, to raise military manpower for when only 73,000 volunteers enlisted out of the initial 1 million target in the first six weeks of the war. In 1917 10 million men were registered. This was deemed to be inadequate, so age ranges were increased and exemptions
and from humble letter-writing campaigns asking for mercy to radical newspapers demanding reform. The most common tactics were dodging and desertion, and many communities sheltered and defended their draft dodgers as political heroes. Many socialists were jailed for ""obstructing the recruitment or enlistment service"". The most famous was Eugene Debs, head of the Socialist Party of America, who ran for president in 1920 from his prison cell. In 1917 a number of radicals and anarchists challenged

  Question: How many more men were registered in 1918 than 1917?

  Provide a clear and concise answer based only on the given context. Do not include any information that is not supported by the context.

  Answer: According to the context, the number of men registered in 1918 increased to 24 million from 10 million in 1917. Therefore, the difference between the two years is 14 million men.","[Document(metadata={'id': '57d6f476-5163-4069-baab-b53504a3e662', 'question': 'How many more men were registered in 1918 than 1917?', 'answer': '15000000'}, page_content='so age ranges were increased and exemptions reduced, and so by the end of 1918 this increased to 24 million men that were registered with nearly 3 million inducted into the military services. The draft was universal and included blacks on the same terms as whites, although they served in different units. In all 367,710 black Americans were drafted , compared to 2,442,586 white . Forms of resistance ranged from peaceful protest to violent demonstrations and from humble letter-writing campaigns'), Document(metadata={'id': '57d6f476-5163-4069-baab-b53504a3e662', 'question': 'How many more men were registered in 1918 than 1917?', 'answer': '15000000'}, page_content='In the United States, conscription began in 1917 and was generally well received, with a few pockets of opposition in isolated rural areas. The administration decided to rely primarily on conscription, rather than voluntary enlistment, to raise military manpower for when only 73,000 volunteers enlisted out of the initial 1 million target in the first six weeks of the war. In 1917 10 million men were registered. This was deemed to be inadequate, so age ranges were increased and exemptions'), Document(metadata={'id': '57d6f476-5163-4069-baab-b53504a3e662', 'question': 'How many more men were registered in 1918 than 1917?', 'answer': '15000000'}, page_content='and from humble letter-writing campaigns asking for mercy to radical newspapers demanding reform. The most common tactics were dodging and desertion, and many communities sheltered and defended their draft dodgers as political heroes. Many socialists were jailed for ""obstructing the recruitment or enlistment service"". The most famous was Eugene Debs, head of the Socialist Party of America, who ran for president in 1920 from his prison cell. In 1917 a number of radicals and anarchists challenged')]","According to the context, the number of men registered in 1918 increased to 24 million from 10 million in 1917. Therefore, the difference between the two years is 14 million men."
